{"stats":{"minecraft:used":{"minecraft:crimson_stem":1,"minecraft:oak_log":82,"minecraft:chiseled_polished_blackstone":15,"minecraft:flower_pot":22,"minecraft:netherite_block":112,"minecraft:green_concrete":278,"minecraft:sea_lantern":6,"minecraft:black_concrete":94,"minecraft:light_gray_stained_glass":1,"minecraft:command_block":68,"minecraft:dark_oak_log":26,"minecraft:light_gray_stained_glass_pane":1,"minecraft:lantern":7,"minecraft:red_wool":14,"minecraft:oak_stairs":89,"minecraft:armor_stand":36,"minecraft:grass_block":74,"minecraft:polished_blackstone":40,"minecraft:spruce_planks":12,"minecraft:lime_wool":42,"minecraft:oak_planks":43,"minecraft:stone_button":1,"minecraft:oak_sign":8,"minecraft:blue_wool":22,"minecraft:wet_sponge":38,"minecraft:blackstone":65,"minecraft:magenta_concrete":734,"minecraft:stone":41,"minecraft:redstone_block":48,"minecraft:red_glazed_terracotta":6,"minecraft:yellow_wool":15,"minecraft:oak_leaves":398,"minecraft:polished_blackstone_bricks":79,"minecraft:dirt":1,"minecraft:magenta_wool":16,"minecraft:emerald_block":6,"minecraft:light_blue_wool":16,"minecraft:white_bed":2,"minecraft:orange_wool":41,"minecraft:chain_command_block":380,"minecraft:nether_brick_slab":13,"minecraft:repeating_command_block":19,"minecraft:polished_blackstone_button":21,"minecraft:stripped_oak_log":138,"minecraft:cyan_wool":17,"minecraft:nether_brick_stairs":21,"minecraft:spruce_log":85,"minecraft:purple_wool":11,"minecraft:gray_stained_glass":228},"minecraft:picked_up":{"minecraft:stripped_oak_log":2,"minecraft:redstone_block":1,"minecraft:stone":1,"minecraft:stone_button":1,"minecraft:white_bed":2,"minecraft:prismarine_crystals":2,"minecraft:dirt":1,"minecraft:orange_wool":1,"minecraft:lantern":1,"minecraft:command_block":1,"minecraft:polished_blackstone_button":1,"minecraft:spruce_planks":1,"minecraft:magenta_concrete":11},"minecraft:custom":{"minecraft:time_since_rest":7798,"minecraft:sprint_one_cm":69319,"minecraft:damage_taken":90,"minecraft:walk_one_cm":281665,"minecraft:drop":13,"minecraft:fly_one_cm":315205,"minecraft:crouch_one_cm":24908,"minecraft:play_one_minute":110205,"minecraft:deaths":18,"minecraft:sneak_time":9925,"minecraft:pot_flower":21,"minecraft:jump":1042,"minecraft:leave_game":12,"minecraft:time_since_death":7775,"minecraft:sleep_in_bed":2,"minecraft:fall_one_cm":17945},"minecraft:dropped":{"minecraft:light_blue_wool":1,"minecraft:command_block":1,"minecraft:magenta_concrete":9,"minecraft:orange_wool":1,"minecraft:redstone_block":1},"minecraft:mined":{"minecraft:light_gray_stained_glass":23,"minecraft:sea_lantern":1,"minecraft:grass_block":1,"minecraft:gray_stained_glass":1}},"DataVersion":2567}