{
  "mc_version": "1.16.1",
  "speedrunigt_version": "15.1+1.16.1",
  "category": "ANY",
  "run_type": "random_seed",
  "is_completed": false,
  "is_coop": false,
  "is_hardcore": false,
  "world_name": "Hotkey Practice",
  "is_cheat_allowed": false,
  "default_gamemode": 0,
  "date": 1733473318564,
  "retimed_igt": 5514312,
  "final_igt": 5514312,
  "stats_igt": 0,
  "final_rta": 15377552,
  "open_lan": null,
  "timelines": [],
  "advancements": {
    "minecraft:recipes/decorations/lime_bed": {
      "complete": true,
      "is_advancement": false,
      "criteria": {
        "has_lime_wool": {
          "igt": 31930,
          "rta": 38082
        },
        "has_the_recipe": {
          "igt": 31930,
          "rta": 38082
        }
      },
      "igt": 31980,
      "rta": 38113
    },
    "minecraft:recipes/decorations/lime_carpet": {
      "complete": true,
      "is_advancement": false,
      "criteria": {
        "has_lime_wool": {
          "igt": 31930,
          "rta": 38085
        },
        "has_the_recipe": {
          "igt": 31930,
          "rta": 38085
        }
      },
      "igt": 31980,
      "rta": 38113
    },
    "minecraft:recipes/decorations/painting": {
      "complete": true,
      "is_advancement": false,
      "criteria": {
        "has_the_recipe": {
          "igt": 31930,
          "rta": 38086
        },
        "has_wool": {
          "igt": 31930,
          "rta": 38086
        }
      },
      "igt": 31980,
      "rta": 38113
    },
    "minecraft:recipes/decorations/lime_banner": {
      "complete": true,
      "is_advancement": false,
      "criteria": {
        "has_lime_wool": {
          "igt": 31930,
          "rta": 38086
        },
        "has_the_recipe": {
          "igt": 31930,
          "rta": 38086
        }
      },
      "igt": 31980,
      "rta": 38113
    },
    "minecraft:recipes/decorations/blue_carpet": {
      "complete": true,
      "is_advancement": false,
      "criteria": {
        "has_blue_wool": {
          "igt": 36080,
          "rta": 42214
        },
        "has_the_recipe": {
          "igt": 36080,
          "rta": 42214
        }
      },
      "igt": 36080,
      "rta": 42253
    },
    "minecraft:recipes/decorations/blue_bed": {
      "complete": true,
      "is_advancement": false,
      "criteria": {
        "has_blue_wool": {
          "igt": 36080,
          "rta": 42215
        },
        "has_the_recipe": {
          "igt": 36080,
          "rta": 42215
        }
      },
      "igt": 36080,
      "rta": 42253
    },
    "minecraft:recipes/decorations/blue_banner": {
      "complete": true,
      "is_advancement": false,
      "criteria": {
        "has_blue_wool": {
          "igt": 36080,
          "rta": 42215
        },
        "has_the_recipe": {
          "igt": 36080,
          "rta": 42215
        }
      },
      "igt": 36080,
      "rta": 42253
    },
    "minecraft:recipes/decorations/red_banner": {
      "complete": true,
      "is_advancement": false,
      "criteria": {
        "has_red_wool": {
          "igt": 36630,
          "rta": 42794
        },
        "has_the_recipe": {
          "igt": 36630,
          "rta": 42794
        }
      },
      "igt": 36630,
      "rta": 42809
    },
    "minecraft:recipes/decorations/red_bed": {
      "complete": true,
      "is_advancement": false,
      "criteria": {
        "has_red_wool": {
          "igt": 36630,
          "rta": 42793
        },
        "has_the_recipe": {
          "igt": 36630,
          "rta": 42793
        }
      },
      "igt": 36630,
      "rta": 42809
    },
    "minecraft:recipes/decorations/red_carpet": {
      "complete": true,
      "is_advancement": false,
      "criteria": {
        "has_red_wool": {
          "igt": 36630,
          "rta": 42794
        },
        "has_the_recipe": {
          "igt": 36630,
          "rta": 42794
        }
      },
      "igt": 36630,
      "rta": 42809
    },
    "minecraft:recipes/decorations/orange_carpet": {
      "complete": true,
      "is_advancement": false,
      "criteria": {
        "has_orange_wool": {
          "igt": 38030,
          "rta": 44201
        },
        "has_the_recipe": {
          "igt": 38030,
          "rta": 44201
        }
      },
      "igt": 38080,
      "rta": 44254
    },
    "minecraft:recipes/decorations/orange_bed": {
      "complete": true,
      "is_advancement": false,
      "criteria": {
        "has_orange_wool": {
          "igt": 38030,
          "rta": 44202
        },
        "has_the_recipe": {
          "igt": 38030,
          "rta": 44202
        }
      },
      "igt": 38080,
      "rta": 44254
    },
    "minecraft:recipes/decorations/orange_banner": {
      "complete": true,
      "is_advancement": false,
      "criteria": {
        "has_orange_wool": {
          "igt": 38030,
          "rta": 44202
        },
        "has_the_recipe": {
          "igt": 38030,
          "rta": 44202
        }
      },
      "igt": 38080,
      "rta": 44254
    },
    "minecraft:recipes/decorations/magenta_carpet": {
      "complete": true,
      "is_advancement": false,
      "criteria": {
        "has_magenta_wool": {
          "igt": 38930,
          "rta": 45057
        },
        "has_the_recipe": {
          "igt": 38930,
          "rta": 45057
        }
      },
      "igt": 38980,
      "rta": 45112
    },
    "minecraft:recipes/decorations/magenta_bed": {
      "complete": true,
      "is_advancement": false,
      "criteria": {
        "has_magenta_wool": {
          "igt": 38930,
          "rta": 45058
        },
        "has_the_recipe": {
          "igt": 38930,
          "rta": 45058
        }
      },
      "igt": 38980,
      "rta": 45112
    },
    "minecraft:recipes/decorations/magenta_banner": {
      "complete": true,
      "is_advancement": false,
      "criteria": {
        "has_magenta_wool": {
          "igt": 38930,
          "rta": 45058
        },
        "has_the_recipe": {
          "igt": 38930,
          "rta": 45058
        }
      },
      "igt": 38980,
      "rta": 45112
    },
    "minecraft:recipes/decorations/yellow_banner": {
      "complete": true,
      "is_advancement": false,
      "criteria": {
        "has_the_recipe": {
          "igt": 39630,
          "rta": 45792
        },
        "has_yellow_wool": {
          "igt": 39630,
          "rta": 45792
        }
      },
      "igt": 39630,
      "rta": 45804
    },
    "minecraft:recipes/decorations/yellow_bed": {
      "complete": true,
      "is_advancement": false,
      "criteria": {
        "has_the_recipe": {
          "igt": 39630,
          "rta": 45791
        },
        "has_yellow_wool": {
          "igt": 39630,
          "rta": 45791
        }
      },
      "igt": 39630,
      "rta": 45804
    },
    "minecraft:recipes/decorations/yellow_carpet": {
      "complete": true,
      "is_advancement": false,
      "criteria": {
        "has_the_recipe": {
          "igt": 39630,
          "rta": 45792
        },
        "has_yellow_wool": {
          "igt": 39630,
          "rta": 45792
        }
      },
      "igt": 39630,
      "rta": 45804
    },
    "minecraft:recipes/decorations/cyan_bed": {
      "complete": true,
      "is_advancement": false,
      "criteria": {
        "has_cyan_wool": {
          "igt": 50280,
          "rta": 56441
        },
        "has_the_recipe": {
          "igt": 50280,
          "rta": 56441
        }
      },
      "igt": 50280,
      "rta": 56453
    },
    "minecraft:recipes/decorations/cyan_carpet": {
      "complete": true,
      "is_advancement": false,
      "criteria": {
        "has_cyan_wool": {
          "igt": 50280,
          "rta": 56441
        },
        "has_the_recipe": {
          "igt": 50280,
          "rta": 56441
        }
      },
      "igt": 50280,
      "rta": 56453
    },
    "minecraft:recipes/decorations/cyan_banner": {
      "complete": true,
      "is_advancement": false,
      "criteria": {
        "has_cyan_wool": {
          "igt": 50280,
          "rta": 56441
        },
        "has_the_recipe": {
          "igt": 50280,
          "rta": 56441
        }
      },
      "igt": 50280,
      "rta": 56453
    },
    "minecraft:recipes/decorations/light_blue_carpet": {
      "complete": true,
      "is_advancement": false,
      "criteria": {
        "has_light_blue_wool": {
          "igt": 52130,
          "rta": 58282
        },
        "has_the_recipe": {
          "igt": 52130,
          "rta": 58282
        }
      },
      "igt": 52130,
      "rta": 58309
    },
    "minecraft:recipes/decorations/light_blue_banner": {
      "complete": true,
      "is_advancement": false,
      "criteria": {
        "has_light_blue_wool": {
          "igt": 52130,
          "rta": 58282
        },
        "has_the_recipe": {
          "igt": 52130,
          "rta": 58282
        }
      },
      "igt": 52130,
      "rta": 58309
    },
    "minecraft:recipes/decorations/light_blue_bed": {
      "complete": true,
      "is_advancement": false,
      "criteria": {
        "has_light_blue_wool": {
          "igt": 52130,
          "rta": 58281
        },
        "has_the_recipe": {
          "igt": 52130,
          "rta": 58281
        }
      },
      "igt": 52130,
      "rta": 58309
    },
    "minecraft:recipes/building_blocks/orange_wool": {
      "complete": true,
      "is_advancement": false,
      "criteria": {
        "has_the_recipe": {
          "igt": 54630,
          "rta": 60787
        },
        "has_white_wool": {
          "igt": 54630,
          "rta": 60787
        }
      },
      "igt": 54630,
      "rta": 60807
    },
    "minecraft:recipes/building_blocks/black_wool": {
      "complete": true,
      "is_advancement": false,
      "criteria": {
        "has_the_recipe": {
          "igt": 54630,
          "rta": 60784
        },
        "has_white_wool": {
          "igt": 54630,
          "rta": 60784
        }
      },
      "igt": 54630,
      "rta": 60807
    },
    "minecraft:recipes/building_blocks/green_wool": {
      "complete": true,
      "is_advancement": false,
      "criteria": {
        "has_the_recipe": {
          "igt": 54630,
          "rta": 60785
        },
        "has_white_wool": {
          "igt": 54630,
          "rta": 60785
        }
      },
      "igt": 54630,
      "rta": 60807
    },
    "minecraft:recipes/building_blocks/yellow_wool": {
      "complete": true,
      "is_advancement": false,
      "criteria": {
        "has_the_recipe": {
          "igt": 54630,
          "rta": 60785
        },
        "has_white_wool": {
          "igt": 54630,
          "rta": 60785
        }
      },
      "igt": 54630,
      "rta": 60807
    },
    "minecraft:recipes/building_blocks/pink_wool": {
      "complete": true,
      "is_advancement": false,
      "criteria": {
        "has_the_recipe": {
          "igt": 54630,
          "rta": 60783
        },
        "has_white_wool": {
          "igt": 54630,
          "rta": 60783
        }
      },
      "igt": 54630,
      "rta": 60807
    },
    "minecraft:recipes/building_blocks/purple_wool": {
      "complete": true,
      "is_advancement": false,
      "criteria": {
        "has_the_recipe": {
          "igt": 54630,
          "rta": 60786
        },
        "has_white_wool": {
          "igt": 54630,
          "rta": 60786
        }
      },
      "igt": 54630,
      "rta": 60807
    },
    "minecraft:recipes/building_blocks/magenta_wool": {
      "complete": true,
      "is_advancement": false,
      "criteria": {
        "has_the_recipe": {
          "igt": 54630,
          "rta": 60786
        },
        "has_white_wool": {
          "igt": 54630,
          "rta": 60786
        }
      },
      "igt": 54630,
      "rta": 60807
    },
    "minecraft:recipes/decorations/white_carpet": {
      "complete": true,
      "is_advancement": false,
      "criteria": {
        "has_the_recipe": {
          "igt": 54630,
          "rta": 60783
        },
        "has_white_wool": {
          "igt": 54630,
          "rta": 60783
        }
      },
      "igt": 54630,
      "rta": 60807
    },
    "minecraft:recipes/building_blocks/light_blue_wool": {
      "complete": true,
      "is_advancement": false,
      "criteria": {
        "has_the_recipe": {
          "igt": 54630,
          "rta": 60782
        },
        "has_white_wool": {
          "igt": 54630,
          "rta": 60782
        }
      },
      "igt": 54630,
      "rta": 60807
    },
    "minecraft:recipes/building_blocks/lime_wool": {
      "complete": true,
      "is_advancement": false,
      "criteria": {
        "has_the_recipe": {
          "igt": 54630,
          "rta": 60784
        },
        "has_white_wool": {
          "igt": 54630,
          "rta": 60784
        }
      },
      "igt": 54630,
      "rta": 60807
    },
    "minecraft:recipes/building_blocks/light_gray_wool": {
      "complete": true,
      "is_advancement": false,
      "criteria": {
        "has_the_recipe": {
          "igt": 54630,
          "rta": 60783
        },
        "has_white_wool": {
          "igt": 54630,
          "rta": 60783
        }
      },
      "igt": 54630,
      "rta": 60807
    },
    "minecraft:recipes/building_blocks/cyan_wool": {
      "complete": true,
      "is_advancement": false,
      "criteria": {
        "has_the_recipe": {
          "igt": 54630,
          "rta": 60785
        },
        "has_white_wool": {
          "igt": 54630,
          "rta": 60785
        }
      },
      "igt": 54630,
      "rta": 60807
    },
    "minecraft:recipes/building_blocks/red_wool": {
      "complete": true,
      "is_advancement": false,
      "criteria": {
        "has_the_recipe": {
          "igt": 54630,
          "rta": 60787
        },
        "has_white_wool": {
          "igt": 54630,
          "rta": 60787
        }
      },
      "igt": 54630,
      "rta": 60807
    },
    "minecraft:recipes/building_blocks/gray_wool": {
      "complete": true,
      "is_advancement": false,
      "criteria": {
        "has_the_recipe": {
          "igt": 54630,
          "rta": 60787
        },
        "has_white_wool": {
          "igt": 54630,
          "rta": 60786
        }
      },
      "igt": 54630,
      "rta": 60807
    },
    "minecraft:recipes/decorations/white_banner": {
      "complete": true,
      "is_advancement": false,
      "criteria": {
        "has_the_recipe": {
          "igt": 54630,
          "rta": 60781
        },
        "has_white_wool": {
          "igt": 54630,
          "rta": 60781
        }
      },
      "igt": 54630,
      "rta": 60807
    },
    "minecraft:recipes/building_blocks/brown_wool": {
      "complete": true,
      "is_advancement": false,
      "criteria": {
        "has_the_recipe": {
          "igt": 54630,
          "rta": 60784
        },
        "has_white_wool": {
          "igt": 54630,
          "rta": 60784
        }
      },
      "igt": 54630,
      "rta": 60807
    },
    "minecraft:recipes/building_blocks/blue_wool": {
      "complete": true,
      "is_advancement": false,
      "criteria": {
        "has_the_recipe": {
          "igt": 54630,
          "rta": 60783
        },
        "has_white_wool": {
          "igt": 54630,
          "rta": 60783
        }
      },
      "igt": 54630,
      "rta": 60807
    },
    "minecraft:recipes/decorations/white_bed": {
      "complete": true,
      "is_advancement": false,
      "criteria": {
        "has_the_recipe": {
          "igt": 54630,
          "rta": 60786
        },
        "has_white_wool": {
          "igt": 54630,
          "rta": 60786
        }
      },
      "igt": 54630,
      "rta": 60807
    },
    "minecraft:recipes/decorations/black_bed": {
      "complete": true,
      "is_advancement": false,
      "criteria": {
        "has_black_wool": {
          "igt": 58430,
          "rta": 64592
        },
        "has_the_recipe": {
          "igt": 58430,
          "rta": 64592
        }
      },
      "igt": 58430,
      "rta": 64607
    },
    "minecraft:recipes/decorations/black_banner": {
      "complete": true,
      "is_advancement": false,
      "criteria": {
        "has_black_wool": {
          "igt": 58430,
          "rta": 64592
        },
        "has_the_recipe": {
          "igt": 58430,
          "rta": 64592
        }
      },
      "igt": 58430,
      "rta": 64607
    },
    "minecraft:recipes/decorations/black_carpet": {
      "complete": true,
      "is_advancement": false,
      "criteria": {
        "has_black_wool": {
          "igt": 58430,
          "rta": 64593
        },
        "has_the_recipe": {
          "igt": 58430,
          "rta": 64593
        }
      },
      "igt": 58430,
      "rta": 64607
    },
    "minecraft:recipes/decorations/purple_carpet": {
      "complete": true,
      "is_advancement": false,
      "criteria": {
        "has_purple_wool": {
          "igt": 66280,
          "rta": 72439
        },
        "has_the_recipe": {
          "igt": 66280,
          "rta": 72439
        }
      },
      "igt": 66280,
      "rta": 72460
    },
    "minecraft:recipes/decorations/purple_bed": {
      "complete": true,
      "is_advancement": false,
      "criteria": {
        "has_purple_wool": {
          "igt": 66280,
          "rta": 72439
        },
        "has_the_recipe": {
          "igt": 66280,
          "rta": 72439
        }
      },
      "igt": 66280,
      "rta": 72460
    },
    "minecraft:recipes/decorations/purple_banner": {
      "complete": true,
      "is_advancement": false,
      "criteria": {
        "has_purple_wool": {
          "igt": 66280,
          "rta": 72438
        },
        "has_the_recipe": {
          "igt": 66280,
          "rta": 72438
        }
      },
      "igt": 66280,
      "rta": 72460
    },
    "minecraft:recipes/building_blocks/stripped_oak_wood": {
      "complete": true,
      "is_advancement": false,
      "criteria": {
        "has_log": {
          "igt": 91830,
          "rta": 97985
        },
        "has_the_recipe": {
          "igt": 91830,
          "rta": 97985
        }
      },
      "igt": 91830,
      "rta": 98032
    },
    "minecraft:recipes/building_blocks/oak_planks": {
      "complete": true,
      "is_advancement": false,
      "criteria": {
        "has_logs": {
          "igt": 91830,
          "rta": 97984
        },
        "has_the_recipe": {
          "igt": 91830,
          "rta": 97984
        }
      },
      "igt": 91830,
      "rta": 98032
    },
    "minecraft:recipes/misc/charcoal": {
      "complete": true,
      "is_advancement": false,
      "criteria": {
        "has_log": {
          "igt": 91830,
          "rta": 97984
        },
        "has_the_recipe": {
          "igt": 91830,
          "rta": 97984
        }
      },
      "igt": 91830,
      "rta": 98032
    },
    "minecraft:recipes/decorations/chest": {
      "complete": true,
      "is_advancement": false,
      "criteria": {
        "has_lots_of_items": {
          "igt": 92430,
          "rta": 98623
        },
        "has_the_recipe": {
          "igt": 92430,
          "rta": 98623
        }
      },
      "igt": 92430,
      "rta": 98641
    },
    "minecraft:recipes/building_blocks/stone_slab": {
      "complete": true,
      "is_advancement": false,
      "criteria": {
        "has_stone": {
          "igt": 147030,
          "rta": 153200
        },
        "has_the_recipe": {
          "igt": 147030,
          "rta": 153200
        }
      },
      "igt": 147030,
      "rta": 153249
    },
    "minecraft:recipes/building_blocks/stone_brick_stairs_from_stone_stonecutting": {
      "complete": true,
      "is_advancement": false,
      "criteria": {
        "has_stone": {
          "igt": 147030,
          "rta": 153201
        },
        "has_the_recipe": {
          "igt": 147030,
          "rta": 153201
        }
      },
      "igt": 147030,
      "rta": 153249
    },
    "minecraft:recipes/decorations/stonecutter": {
      "complete": true,
      "is_advancement": false,
      "criteria": {
        "has_stone": {
          "igt": 147030,
          "rta": 153199
        },
        "has_the_recipe": {
          "igt": 147030,
          "rta": 153199
        }
      },
      "igt": 147030,
      "rta": 153249
    },
    "minecraft:recipes/building_blocks/stone_stairs": {
      "complete": true,
      "is_advancement": false,
      "criteria": {
        "has_stone": {
          "igt": 147030,
          "rta": 153201
        },
        "has_the_recipe": {
          "igt": 147030,
          "rta": 153201
        }
      },
      "igt": 147030,
      "rta": 153249
    },
    "minecraft:recipes/building_blocks/stone_bricks_from_stone_stonecutting": {
      "complete": true,
      "is_advancement": false,
      "criteria": {
        "has_stone": {
          "igt": 147030,
          "rta": 153200
        },
        "has_the_recipe": {
          "igt": 147030,
          "rta": 153200
        }
      },
      "igt": 147030,
      "rta": 153249
    },
    "minecraft:recipes/building_blocks/chiseled_stone_bricks_stone_from_stonecutting": {
      "complete": true,
      "is_advancement": false,
      "criteria": {
        "has_stone": {
          "igt": 147030,
          "rta": 153200
        },
        "has_the_recipe": {
          "igt": 147030,
          "rta": 153200
        }
      },
      "igt": 147030,
      "rta": 153249
    },
    "minecraft:recipes/building_blocks/smooth_stone": {
      "complete": true,
      "is_advancement": false,
      "criteria": {
        "has_stone": {
          "igt": 147030,
          "rta": 153200
        },
        "has_the_recipe": {
          "igt": 147030,
          "rta": 153200
        }
      },
      "igt": 147030,
      "rta": 153249
    },
    "minecraft:recipes/redstone/stone_pressure_plate": {
      "complete": true,
      "is_advancement": false,
      "criteria": {
        "has_stone": {
          "igt": 147030,
          "rta": 153202
        },
        "has_the_recipe": {
          "igt": 147030,
          "rta": 153202
        }
      },
      "igt": 147030,
      "rta": 153249
    },
    "minecraft:recipes/building_blocks/stone_stairs_from_stone_stonecutting": {
      "complete": true,
      "is_advancement": false,
      "criteria": {
        "has_stone": {
          "igt": 147030,
          "rta": 153201
        },
        "has_the_recipe": {
          "igt": 147030,
          "rta": 153201
        }
      },
      "igt": 147030,
      "rta": 153249
    },
    "minecraft:recipes/building_blocks/stone_brick_slab_from_stone_stonecutting": {
      "complete": true,
      "is_advancement": false,
      "criteria": {
        "has_stone": {
          "igt": 147030,
          "rta": 153199
        },
        "has_the_recipe": {
          "igt": 147030,
          "rta": 153199
        }
      },
      "igt": 147030,
      "rta": 153249
    },
    "minecraft:recipes/building_blocks/stone_slab_from_stone_stonecutting": {
      "complete": true,
      "is_advancement": false,
      "criteria": {
        "has_stone": {
          "igt": 147030,
          "rta": 153197
        },
        "has_the_recipe": {
          "igt": 147030,
          "rta": 153197
        }
      },
      "igt": 147030,
      "rta": 153249
    },
    "minecraft:recipes/building_blocks/stone_bricks": {
      "complete": true,
      "is_advancement": false,
      "criteria": {
        "has_stone": {
          "igt": 147030,
          "rta": 153198
        },
        "has_the_recipe": {
          "igt": 147030,
          "rta": 153198
        }
      },
      "igt": 147030,
      "rta": 153249
    },
    "minecraft:recipes/redstone/stone_button": {
      "complete": true,
      "is_advancement": false,
      "criteria": {
        "has_stone": {
          "igt": 147030,
          "rta": 153201
        },
        "has_the_recipe": {
          "igt": 147030,
          "rta": 153201
        }
      },
      "igt": 147030,
      "rta": 153249
    },
    "minecraft:recipes/decorations/stone_brick_walls_from_stone_stonecutting": {
      "complete": true,
      "is_advancement": false,
      "criteria": {
        "has_stone": {
          "igt": 147030,
          "rta": 153199
        },
        "has_the_recipe": {
          "igt": 147030,
          "rta": 153199
        }
      },
      "igt": 147030,
      "rta": 153249
    },
    "minecraft:recipes/misc/emerald": {
      "complete": true,
      "is_advancement": false,
      "criteria": {
        "has_emerald_block": {
          "igt": 371280,
          "rta": 455468
        },
        "has_the_recipe": {
          "igt": 371280,
          "rta": 455468
        }
      },
      "igt": 371330,
      "rta": 455506
    },
    "minecraft:recipes/redstone/redstone": {
      "complete": true,
      "is_advancement": false,
      "criteria": {
        "has_redstone_block": {
          "igt": 396080,
          "rta": 491775
        },
        "has_the_recipe": {
          "igt": 396080,
          "rta": 491775
        }
      },
      "igt": 396080,
      "rta": 491809
    },
    "minecraft:recipes/decorations/spruce_fence": {
      "complete": true,
      "is_advancement": false,
      "criteria": {
        "has_planks": {
          "igt": 1233430,
          "rta": 1742400
        },
        "has_the_recipe": {
          "igt": 1233430,
          "rta": 1742400
        }
      },
      "igt": 1233430,
      "rta": 1742431
    },
    "minecraft:recipes/decorations/crafting_table": {
      "complete": true,
      "is_advancement": false,
      "criteria": {
        "has_planks": {
          "igt": 1233430,
          "rta": 1742398
        },
        "has_the_recipe": {
          "igt": 1233430,
          "rta": 1742398
        }
      },
      "igt": 1233430,
      "rta": 1742431
    },
    "minecraft:recipes/misc/stick": {
      "complete": true,
      "is_advancement": false,
      "criteria": {
        "has_planks": {
          "igt": 1233430,
          "rta": 1742397
        },
        "has_the_recipe": {
          "igt": 1233430,
          "rta": 1742397
        }
      },
      "igt": 1233430,
      "rta": 1742431
    },
    "minecraft:recipes/redstone/spruce_fence_gate": {
      "complete": true,
      "is_advancement": false,
      "criteria": {
        "has_planks": {
          "igt": 1233430,
          "rta": 1742404
        },
        "has_the_recipe": {
          "igt": 1233430,
          "rta": 1742404
        }
      },
      "igt": 1233430,
      "rta": 1742431
    },
    "minecraft:recipes/building_blocks/spruce_stairs": {
      "complete": true,
      "is_advancement": false,
      "criteria": {
        "has_planks": {
          "igt": 1233430,
          "rta": 1742391
        },
        "has_the_recipe": {
          "igt": 1233430,
          "rta": 1742391
        }
      },
      "igt": 1233430,
      "rta": 1742431
    },
    "minecraft:recipes/redstone/spruce_trapdoor": {
      "complete": true,
      "is_advancement": false,
      "criteria": {
        "has_planks": {
          "igt": 1233430,
          "rta": 1742396
        },
        "has_the_recipe": {
          "igt": 1233430,
          "rta": 1742396
        }
      },
      "igt": 1233430,
      "rta": 1742431
    },
    "minecraft:recipes/decorations/spruce_sign": {
      "complete": true,
      "is_advancement": false,
      "criteria": {
        "has_spruce_planks": {
          "igt": 1233430,
          "rta": 1742395
        },
        "has_the_recipe": {
          "igt": 1233430,
          "rta": 1742395
        }
      },
      "igt": 1233430,
      "rta": 1742431
    },
    "minecraft:recipes/decorations/barrel": {
      "complete": true,
      "is_advancement": false,
      "criteria": {
        "has_planks": {
          "igt": 1233430,
          "rta": 1742392
        },
        "has_the_recipe": {
          "igt": 1233430,
          "rta": 1742392
        },
        "has_wood_slab": {
          "igt": 1233430,
          "rta": 1742392
        }
      },
      "igt": 1233430,
      "rta": 1742431
    },
    "minecraft:recipes/redstone/spruce_pressure_plate": {
      "complete": true,
      "is_advancement": false,
      "criteria": {
        "has_planks": {
          "igt": 1233430,
          "rta": 1742399
        },
        "has_the_recipe": {
          "igt": 1233430,
          "rta": 1742399
        }
      },
      "igt": 1233430,
      "rta": 1742431
    },
    "minecraft:recipes/building_blocks/spruce_slab": {
      "complete": true,
      "is_advancement": false,
      "criteria": {
        "has_planks": {
          "igt": 1233430,
          "rta": 1742402
        },
        "has_the_recipe": {
          "igt": 1233430,
          "rta": 1742402
        }
      },
      "igt": 1233430,
      "rta": 1742431
    },
    "minecraft:recipes/redstone/spruce_button": {
      "complete": true,
      "is_advancement": false,
      "criteria": {
        "has_planks": {
          "igt": 1233430,
          "rta": 1742394
        },
        "has_the_recipe": {
          "igt": 1233430,
          "rta": 1742394
        }
      },
      "igt": 1233430,
      "rta": 1742431
    },
    "minecraft:recipes/redstone/spruce_door": {
      "complete": true,
      "is_advancement": false,
      "criteria": {
        "has_planks": {
          "igt": 1233430,
          "rta": 1742403
        },
        "has_the_recipe": {
          "igt": 1233430,
          "rta": 1742403
        }
      },
      "igt": 1233430,
      "rta": 1742431
    },
    "minecraft:recipes/decorations/purple_glazed_terracotta": {
      "complete": true,
      "is_advancement": false,
      "criteria": {
        "has_purple_terracotta": {
          "igt": 1517285,
          "rta": 10074866
        },
        "has_the_recipe": {
          "igt": 1517285,
          "rta": 10074866
        }
      },
      "igt": 1517285,
      "rta": 10074877
    },
    "minecraft:recipes/decorations/gray_bed_from_white_bed": {
      "complete": true,
      "is_advancement": false,
      "criteria": {
        "has_bed": {
          "igt": 1979235,
          "rta": 10669622
        },
        "has_the_recipe": {
          "igt": 1979235,
          "rta": 10669622
        }
      },
      "igt": 1979235,
      "rta": 10669662
    },
    "minecraft:recipes/decorations/yellow_bed_from_white_bed": {
      "complete": true,
      "is_advancement": false,
      "criteria": {
        "has_bed": {
          "igt": 1979235,
          "rta": 10669621
        },
        "has_the_recipe": {
          "igt": 1979235,
          "rta": 10669621
        }
      },
      "igt": 1979235,
      "rta": 10669662
    },
    "minecraft:recipes/decorations/light_blue_bed_from_white_bed": {
      "complete": true,
      "is_advancement": false,
      "criteria": {
        "has_bed": {
          "igt": 1979235,
          "rta": 10669620
        },
        "has_the_recipe": {
          "igt": 1979235,
          "rta": 10669620
        }
      },
      "igt": 1979235,
      "rta": 10669662
    },
    "minecraft:recipes/decorations/lime_bed_from_white_bed": {
      "complete": true,
      "is_advancement": false,
      "criteria": {
        "has_bed": {
          "igt": 1979235,
          "rta": 10669623
        },
        "has_the_recipe": {
          "igt": 1979235,
          "rta": 10669623
        }
      },
      "igt": 1979235,
      "rta": 10669662
    },
    "minecraft:recipes/decorations/purple_bed_from_white_bed": {
      "complete": true,
      "is_advancement": false,
      "criteria": {
        "has_bed": {
          "igt": 1979235,
          "rta": 10669622
        },
        "has_the_recipe": {
          "igt": 1979235,
          "rta": 10669622
        }
      },
      "igt": 1979235,
      "rta": 10669662
    },
    "minecraft:recipes/decorations/pink_bed_from_white_bed": {
      "complete": true,
      "is_advancement": false,
      "criteria": {
        "has_bed": {
          "igt": 1979235,
          "rta": 10669620
        },
        "has_the_recipe": {
          "igt": 1979235,
          "rta": 10669620
        }
      },
      "igt": 1979235,
      "rta": 10669663
    },
    "minecraft:recipes/decorations/magenta_bed_from_white_bed": {
      "complete": true,
      "is_advancement": false,
      "criteria": {
        "has_bed": {
          "igt": 1979235,
          "rta": 10669622
        },
        "has_the_recipe": {
          "igt": 1979235,
          "rta": 10669622
        }
      },
      "igt": 1979235,
      "rta": 10669663
    },
    "minecraft:recipes/decorations/black_bed_from_white_bed": {
      "complete": true,
      "is_advancement": false,
      "criteria": {
        "has_bed": {
          "igt": 1979235,
          "rta": 10669621
        },
        "has_the_recipe": {
          "igt": 1979235,
          "rta": 10669621
        }
      },
      "igt": 1979235,
      "rta": 10669663
    },
    "minecraft:recipes/decorations/brown_bed_from_white_bed": {
      "complete": true,
      "is_advancement": false,
      "criteria": {
        "has_bed": {
          "igt": 1979235,
          "rta": 10669621
        },
        "has_the_recipe": {
          "igt": 1979235,
          "rta": 10669621
        }
      },
      "igt": 1979235,
      "rta": 10669663
    },
    "minecraft:recipes/decorations/light_gray_bed_from_white_bed": {
      "complete": true,
      "is_advancement": false,
      "criteria": {
        "has_bed": {
          "igt": 1979235,
          "rta": 10669622
        },
        "has_the_recipe": {
          "igt": 1979235,
          "rta": 10669622
        }
      },
      "igt": 1979235,
      "rta": 10669663
    },
    "minecraft:recipes/decorations/blue_bed_from_white_bed": {
      "complete": true,
      "is_advancement": false,
      "criteria": {
        "has_bed": {
          "igt": 1979235,
          "rta": 10669623
        },
        "has_the_recipe": {
          "igt": 1979235,
          "rta": 10669623
        }
      },
      "igt": 1979235,
      "rta": 10669663
    },
    "minecraft:recipes/decorations/green_bed_from_white_bed": {
      "complete": true,
      "is_advancement": false,
      "criteria": {
        "has_bed": {
          "igt": 1979235,
          "rta": 10669620
        },
        "has_the_recipe": {
          "igt": 1979235,
          "rta": 10669620
        }
      },
      "igt": 1979235,
      "rta": 10669663
    },
    "minecraft:recipes/decorations/orange_bed_from_white_bed": {
      "complete": true,
      "is_advancement": false,
      "criteria": {
        "has_bed": {
          "igt": 1979235,
          "rta": 10669622
        },
        "has_the_recipe": {
          "igt": 1979235,
          "rta": 10669622
        }
      },
      "igt": 1979235,
      "rta": 10669663
    },
    "minecraft:recipes/decorations/red_bed_from_white_bed": {
      "complete": true,
      "is_advancement": false,
      "criteria": {
        "has_bed": {
          "igt": 1979235,
          "rta": 10669621
        },
        "has_the_recipe": {
          "igt": 1979235,
          "rta": 10669621
        }
      },
      "igt": 1979235,
      "rta": 10669663
    },
    "minecraft:recipes/decorations/cyan_bed_from_white_bed": {
      "complete": true,
      "is_advancement": false,
      "criteria": {
        "has_bed": {
          "igt": 1979235,
          "rta": 10669619
        },
        "has_the_recipe": {
          "igt": 1979235,
          "rta": 10669619
        }
      },
      "igt": 1979235,
      "rta": 10669663
    },
    "minecraft:adventure/sleep_in_bed": {
      "complete": true,
      "is_advancement": true,
      "criteria": {
        "slept_in_bed": {
          "igt": 1979935,
          "rta": 10670313
        }
      },
      "igt": 1979935,
      "rta": 10670363
    },
    "minecraft:recipes/misc/netherite_ingot_from_netherite_block": {
      "complete": true,
      "is_advancement": false,
      "criteria": {
        "has_netherite_block": {
          "igt": 2046785,
          "rta": 10813458
        },
        "has_the_recipe": {
          "igt": 2046785,
          "rta": 10813458
        }
      },
      "igt": 2046835,
      "rta": 10813521
    },
    "minecraft:recipes/decorations/gray_stained_glass_pane": {
      "complete": true,
      "is_advancement": false,
      "criteria": {
        "has_glass": {
          "igt": 2152635,
          "rta": 10919306
        },
        "has_the_recipe": {
          "igt": 2152635,
          "rta": 10919306
        }
      },
      "igt": 2152685,
      "rta": 10919361
    },
    "minecraft:recipes/building_blocks/spruce_planks": {
      "complete": true,
      "is_advancement": false,
      "criteria": {
        "has_logs": {
          "igt": 2311185,
          "rta": 11077986
        },
        "has_the_recipe": {
          "igt": 2311185,
          "rta": 11077986
        }
      },
      "igt": 2311185,
      "rta": 11078016
    },
    "minecraft:recipes/building_blocks/spruce_wood": {
      "complete": true,
      "is_advancement": false,
      "criteria": {
        "has_log": {
          "igt": 2311185,
          "rta": 11077985
        },
        "has_the_recipe": {
          "igt": 2311185,
          "rta": 11077985
        }
      },
      "igt": 2311185,
      "rta": 11078016
    },
    "minecraft:recipes/building_blocks/dark_oak_wood": {
      "complete": true,
      "is_advancement": false,
      "criteria": {
        "has_log": {
          "igt": 2458235,
          "rta": 11225017
        },
        "has_the_recipe": {
          "igt": 2458235,
          "rta": 11225017
        }
      },
      "igt": 2458235,
      "rta": 11225050
    },
    "minecraft:recipes/building_blocks/dark_oak_planks": {
      "complete": true,
      "is_advancement": false,
      "criteria": {
        "has_log": {
          "igt": 2458235,
          "rta": 11225017
        },
        "has_the_recipe": {
          "igt": 2458235,
          "rta": 11225017
        }
      },
      "igt": 2458235,
      "rta": 11225050
    },
    "minecraft:recipes/building_blocks/sponge": {
      "complete": true,
      "is_advancement": false,
      "criteria": {
        "has_the_recipe": {
          "igt": 2618735,
          "rta": 11394085
        },
        "has_wet_sponge": {
          "igt": 2618735,
          "rta": 11394085
        }
      },
      "igt": 2618735,
      "rta": 11394101
    },
    "minecraft:recipes/decorations/light_gray_stained_glass_pane": {
      "complete": true,
      "is_advancement": false,
      "criteria": {
        "has_glass": {
          "igt": 2668735,
          "rta": 11444052
        },
        "has_the_recipe": {
          "igt": 2668735,
          "rta": 11444052
        }
      },
      "igt": 2668785,
      "rta": 11444105
    },
    "minecraft:recipes/building_blocks/sea_lantern": {
      "complete": true,
      "is_advancement": false,
      "criteria": {
        "has_prismarine_crystals": {
          "igt": 2759185,
          "rta": 11550099
        },
        "has_the_recipe": {
          "igt": 2759185,
          "rta": 11550099
        }
      },
      "igt": 2759235,
      "rta": 11550163
    },
    "minecraft:recipes/building_blocks/crimson_planks": {
      "complete": true,
      "is_advancement": false,
      "criteria": {
        "has_logs": {
          "igt": 3306735,
          "rta": 12192373
        },
        "has_the_recipe": {
          "igt": 3306735,
          "rta": 12192373
        }
      },
      "igt": 3306785,
      "rta": 12192427
    },
    "minecraft:recipes/building_blocks/crimson_hyphae": {
      "complete": true,
      "is_advancement": false,
      "criteria": {
        "has_log": {
          "igt": 3306735,
          "rta": 12192372
        },
        "has_the_recipe": {
          "igt": 3306735,
          "rta": 12192372
        }
      },
      "igt": 3306785,
      "rta": 12192427
    },
    "minecraft:recipes/building_blocks/polished_blackstone_brick_stairs_from_polished_blackstone_bricks_stonecutting": {
      "complete": true,
      "is_advancement": false,
      "criteria": {
        "has_polished_blackstone_bricks": {
          "igt": 4249654,
          "rta": 13333283
        },
        "has_the_recipe": {
          "igt": 4249654,
          "rta": 13333283
        }
      },
      "igt": 4249704,
      "rta": 13333344
    },
    "minecraft:recipes/decorations/polished_blackstone_brick_wall": {
      "complete": true,
      "is_advancement": false,
      "criteria": {
        "has_polished_blackstone_bricks": {
          "igt": 4249654,
          "rta": 13333286
        },
        "has_the_recipe": {
          "igt": 4249654,
          "rta": 13333286
        }
      },
      "igt": 4249704,
      "rta": 13333344
    },
    "minecraft:recipes/building_blocks/polished_blackstone_brick_slab_from_polished_blackstone_bricks_stonecutting": {
      "complete": true,
      "is_advancement": false,
      "criteria": {
        "has_polished_blackstone_bricks": {
          "igt": 4249654,
          "rta": 13333286
        },
        "has_the_recipe": {
          "igt": 4249654,
          "rta": 13333286
        }
      },
      "igt": 4249704,
      "rta": 13333344
    },
    "minecraft:recipes/building_blocks/cracked_polished_blackstone_bricks": {
      "complete": true,
      "is_advancement": false,
      "criteria": {
        "has_blackstone_bricks": {
          "igt": 4249654,
          "rta": 13333286
        },
        "has_the_recipe": {
          "igt": 4249654,
          "rta": 13333286
        }
      },
      "igt": 4249704,
      "rta": 13333344
    },
    "minecraft:recipes/building_blocks/polished_blackstone_brick_slab": {
      "complete": true,
      "is_advancement": false,
      "criteria": {
        "has_polished_blackstone_bricks": {
          "igt": 4249654,
          "rta": 13333285
        },
        "has_the_recipe": {
          "igt": 4249654,
          "rta": 13333285
        }
      },
      "igt": 4249704,
      "rta": 13333344
    },
    "minecraft:recipes/building_blocks/polished_blackstone_brick_stairs": {
      "complete": true,
      "is_advancement": false,
      "criteria": {
        "has_polished_blackstone_bricks": {
          "igt": 4249654,
          "rta": 13333285
        },
        "has_the_recipe": {
          "igt": 4249654,
          "rta": 13333285
        }
      },
      "igt": 4249704,
      "rta": 13333344
    },
    "minecraft:recipes/decorations/polished_blackstone_brick_wall_from_polished_blackstone_bricks_stonecutting": {
      "complete": true,
      "is_advancement": false,
      "criteria": {
        "has_polished_blackstone_bricks": {
          "igt": 4249654,
          "rta": 13333286
        },
        "has_the_recipe": {
          "igt": 4249654,
          "rta": 13333286
        }
      },
      "igt": 4249704,
      "rta": 13333344
    },
    "minecraft:recipes/building_blocks/polished_blackstone_stairs_from_polished_blackstone_stonecutting": {
      "complete": true,
      "is_advancement": false,
      "criteria": {
        "has_polished_blackstone": {
          "igt": 4312254,
          "rta": 13396617
        },
        "has_the_recipe": {
          "igt": 4312254,
          "rta": 13396617
        }
      },
      "igt": 4312304,
      "rta": 13396637
    },
    "minecraft:recipes/redstone/polished_blackstone_pressure_plate": {
      "complete": true,
      "is_advancement": false,
      "criteria": {
        "has_polished_blackstone": {
          "igt": 4312254,
          "rta": 13396616
        },
        "has_the_recipe": {
          "igt": 4312254,
          "rta": 13396616
        }
      },
      "igt": 4312304,
      "rta": 13396637
    },
    "minecraft:recipes/decorations/polished_blackstone_brick_wall_from_polished_blackstone_stonecutting": {
      "complete": true,
      "is_advancement": false,
      "criteria": {
        "has_polished_blackstone": {
          "igt": 4312254,
          "rta": 13396617
        },
        "has_the_recipe": {
          "igt": 4312254,
          "rta": 13396617
        }
      },
      "igt": 4312304,
      "rta": 13396637
    },
    "minecraft:recipes/building_blocks/polished_blackstone_brick_stairs_from_polished_blackstone_stonecutting": {
      "complete": true,
      "is_advancement": false,
      "criteria": {
        "has_polished_blackstone": {
          "igt": 4312254,
          "rta": 13396618
        },
        "has_the_recipe": {
          "igt": 4312254,
          "rta": 13396618
        }
      },
      "igt": 4312304,
      "rta": 13396637
    },
    "minecraft:recipes/building_blocks/chiseled_polished_blackstone_from_polished_blackstone_stonecutting": {
      "complete": true,
      "is_advancement": false,
      "criteria": {
        "has_polished_blackstone": {
          "igt": 4312254,
          "rta": 13396618
        },
        "has_the_recipe": {
          "igt": 4312254,
          "rta": 13396618
        }
      },
      "igt": 4312304,
      "rta": 13396637
    },
    "minecraft:recipes/decorations/polished_blackstone_wall": {
      "complete": true,
      "is_advancement": false,
      "criteria": {
        "has_polished_blackstone": {
          "igt": 4312254,
          "rta": 13396615
        },
        "has_the_recipe": {
          "igt": 4312254,
          "rta": 13396615
        }
      },
      "igt": 4312304,
      "rta": 13396637
    },
    "minecraft:recipes/building_blocks/chiseled_polished_blackstone": {
      "complete": true,
      "is_advancement": false,
      "criteria": {
        "has_polished_blackstone": {
          "igt": 4312254,
          "rta": 13396617
        },
        "has_the_recipe": {
          "igt": 4312254,
          "rta": 13396618
        }
      },
      "igt": 4312304,
      "rta": 13396637
    },
    "minecraft:recipes/building_blocks/polished_blackstone_slab": {
      "complete": true,
      "is_advancement": false,
      "criteria": {
        "has_polished_blackstone": {
          "igt": 4312254,
          "rta": 13396618
        },
        "has_the_recipe": {
          "igt": 4312254,
          "rta": 13396618
        }
      },
      "igt": 4312304,
      "rta": 13396637
    },
    "minecraft:recipes/building_blocks/polished_blackstone_brick_slab_from_polished_blackstone_stonecutting": {
      "complete": true,
      "is_advancement": false,
      "criteria": {
        "has_polished_blackstone": {
          "igt": 4312254,
          "rta": 13396617
        },
        "has_the_recipe": {
          "igt": 4312254,
          "rta": 13396617
        }
      },
      "igt": 4312304,
      "rta": 13396637
    },
    "minecraft:recipes/building_blocks/polished_blackstone_bricks_from_polished_blackstone_stonecutting": {
      "complete": true,
      "is_advancement": false,
      "criteria": {
        "has_polished_blackstone": {
          "igt": 4312254,
          "rta": 13396618
        },
        "has_the_recipe": {
          "igt": 4312254,
          "rta": 13396618
        }
      },
      "igt": 4312304,
      "rta": 13396637
    },
    "minecraft:recipes/building_blocks/polished_blackstone_slab_from_polished_blackstone_stonecutting": {
      "complete": true,
      "is_advancement": false,
      "criteria": {
        "has_polished_blackstone": {
          "igt": 4312254,
          "rta": 13396618
        },
        "has_the_recipe": {
          "igt": 4312254,
          "rta": 13396618
        }
      },
      "igt": 4312304,
      "rta": 13396637
    },
    "minecraft:recipes/building_blocks/polished_blackstone_bricks": {
      "complete": true,
      "is_advancement": false,
      "criteria": {
        "has_polished_blackstone": {
          "igt": 4312254,
          "rta": 13396616
        },
        "has_the_recipe": {
          "igt": 4312254,
          "rta": 13396616
        }
      },
      "igt": 4312304,
      "rta": 13396637
    },
    "minecraft:recipes/building_blocks/polished_blackstone_stairs": {
      "complete": true,
      "is_advancement": false,
      "criteria": {
        "has_polished_blackstone": {
          "igt": 4312254,
          "rta": 13396617
        },
        "has_the_recipe": {
          "igt": 4312254,
          "rta": 13396617
        }
      },
      "igt": 4312304,
      "rta": 13396637
    },
    "minecraft:recipes/decorations/polished_blackstone_wall_from_polished_blackstone_stonecutting": {
      "complete": true,
      "is_advancement": false,
      "criteria": {
        "has_polished_blackstone": {
          "igt": 4312254,
          "rta": 13396616
        },
        "has_the_recipe": {
          "igt": 4312254,
          "rta": 13396617
        }
      },
      "igt": 4312304,
      "rta": 13396637
    },
    "minecraft:recipes/redstone/polished_blackstone_button": {
      "complete": true,
      "is_advancement": false,
      "criteria": {
        "has_polished_blackstone": {
          "igt": 4312254,
          "rta": 13396616
        },
        "has_the_recipe": {
          "igt": 4312254,
          "rta": 13396616
        }
      },
      "igt": 4312304,
      "rta": 13396637
    },
    "minecraft:recipes/building_blocks/blackstone_slab_from_blackstone_stonecutting": {
      "complete": true,
      "is_advancement": false,
      "criteria": {
        "has_blackstone": {
          "igt": 4314204,
          "rta": 13398519
        },
        "has_the_recipe": {
          "igt": 4314204,
          "rta": 13398519
        }
      },
      "igt": 4314204,
      "rta": 13398532
    },
    "minecraft:recipes/tools/stone_shovel": {
      "complete": true,
      "is_advancement": false,
      "criteria": {
        "has_cobblestone": {
          "igt": 4314204,
          "rta": 13398518
        },
        "has_the_recipe": {
          "igt": 4314204,
          "rta": 13398518
        }
      },
      "igt": 4314204,
      "rta": 13398532
    },
    "minecraft:story/mine_stone": {
      "complete": true,
      "is_advancement": true,
      "criteria": {
        "get_stone": {
          "igt": 4314204,
          "rta": 13398514
        }
      },
      "igt": 4314204,
      "rta": 13398532
    },
    "minecraft:recipes/building_blocks/polished_blackstone_brick_slab_from_blackstone_stonecutting": {
      "complete": true,
      "is_advancement": false,
      "criteria": {
        "has_blackstone": {
          "igt": 4314204,
          "rta": 13398519
        },
        "has_the_recipe": {
          "igt": 4314204,
          "rta": 13398519
        }
      },
      "igt": 4314204,
      "rta": 13398532
    },
    "minecraft:recipes/tools/stone_hoe": {
      "complete": true,
      "is_advancement": false,
      "criteria": {
        "has_cobblestone": {
          "igt": 4314204,
          "rta": 13398517
        },
        "has_the_recipe": {
          "igt": 4314204,
          "rta": 13398517
        }
      },
      "igt": 4314204,
      "rta": 13398532
    },
    "minecraft:recipes/decorations/polished_blackstone_wall_from_blackstone_stonecutting": {
      "complete": true,
      "is_advancement": false,
      "criteria": {
        "has_blackstone": {
          "igt": 4314154,
          "rta": 13398513
        },
        "has_the_recipe": {
          "igt": 4314154,
          "rta": 13398513
        }
      },
      "igt": 4314204,
      "rta": 13398532
    },
    "minecraft:recipes/building_blocks/polished_blackstone_bricks_from_blackstone_stonecutting": {
      "complete": true,
      "is_advancement": false,
      "criteria": {
        "has_blackstone": {
          "igt": 4314204,
          "rta": 13398518
        },
        "has_the_recipe": {
          "igt": 4314204,
          "rta": 13398518
        }
      },
      "igt": 4314204,
      "rta": 13398534
    },
    "minecraft:recipes/building_blocks/polished_blackstone_brick_stairs_from_blackstone_stonecutting": {
      "complete": true,
      "is_advancement": false,
      "criteria": {
        "has_blackstone": {
          "igt": 4314204,
          "rta": 13398519
        },
        "has_the_recipe": {
          "igt": 4314204,
          "rta": 13398519
        }
      },
      "igt": 4314204,
      "rta": 13398534
    },
    "minecraft:recipes/building_blocks/polished_blackstone_slab_from_blackstone_stonecutting": {
      "complete": true,
      "is_advancement": false,
      "criteria": {
        "has_blackstone": {
          "igt": 4314204,
          "rta": 13398516
        },
        "has_the_recipe": {
          "igt": 4314204,
          "rta": 13398516
        }
      },
      "igt": 4314204,
      "rta": 13398534
    },
    "minecraft:recipes/decorations/furnace": {
      "complete": true,
      "is_advancement": false,
      "criteria": {
        "has_cobblestone": {
          "igt": 4314204,
          "rta": 13398517
        },
        "has_the_recipe": {
          "igt": 4314204,
          "rta": 13398517
        }
      },
      "igt": 4314204,
      "rta": 13398534
    },
    "minecraft:recipes/building_blocks/blackstone_stairs_from_blackstone_stonecutting": {
      "complete": true,
      "is_advancement": false,
      "criteria": {
        "has_blackstone": {
          "igt": 4314204,
          "rta": 13398520
        },
        "has_the_recipe": {
          "igt": 4314204,
          "rta": 13398520
        }
      },
      "igt": 4314204,
      "rta": 13398534
    },
    "minecraft:recipes/tools/stone_pickaxe": {
      "complete": true,
      "is_advancement": false,
      "criteria": {
        "has_cobblestone": {
          "igt": 4314204,
          "rta": 13398517
        },
        "has_the_recipe": {
          "igt": 4314204,
          "rta": 13398517
        }
      },
      "igt": 4314204,
      "rta": 13398534
    },
    "minecraft:recipes/decorations/blackstone_wall": {
      "complete": true,
      "is_advancement": false,
      "criteria": {
        "has_blackstone": {
          "igt": 4314204,
          "rta": 13398519
        },
        "has_the_recipe": {
          "igt": 4314204,
          "rta": 13398519
        }
      },
      "igt": 4314204,
      "rta": 13398534
    },
    "minecraft:recipes/decorations/polished_blackstone_brick_wall_from_blackstone_stonecutting": {
      "complete": true,
      "is_advancement": false,
      "criteria": {
        "has_blackstone": {
          "igt": 4314204,
          "rta": 13398514
        },
        "has_the_recipe": {
          "igt": 4314204,
          "rta": 13398514
        }
      },
      "igt": 4314204,
      "rta": 13398534
    },
    "minecraft:recipes/building_blocks/polished_blackstone_stairs_from_blackstone_stonecutting": {
      "complete": true,
      "is_advancement": false,
      "criteria": {
        "has_blackstone": {
          "igt": 4314204,
          "rta": 13398516
        },
        "has_the_recipe": {
          "igt": 4314204,
          "rta": 13398516
        }
      },
      "igt": 4314204,
      "rta": 13398534
    },
    "minecraft:recipes/combat/stone_sword": {
      "complete": true,
      "is_advancement": false,
      "criteria": {
        "has_cobblestone": {
          "igt": 4314204,
          "rta": 13398514
        },
        "has_the_recipe": {
          "igt": 4314204,
          "rta": 13398514
        }
      },
      "igt": 4314204,
      "rta": 13398534
    },
    "minecraft:recipes/decorations/blackstone_wall_from_blackstone_stonecutting": {
      "complete": true,
      "is_advancement": false,
      "criteria": {
        "has_blackstone": {
          "igt": 4314204,
          "rta": 13398518
        },
        "has_the_recipe": {
          "igt": 4314204,
          "rta": 13398518
        }
      },
      "igt": 4314204,
      "rta": 13398534
    },
    "minecraft:recipes/tools/stone_axe": {
      "complete": true,
      "is_advancement": false,
      "criteria": {
        "has_cobblestone": {
          "igt": 4314204,
          "rta": 13398515
        },
        "has_the_recipe": {
          "igt": 4314204,
          "rta": 13398515
        }
      },
      "igt": 4314204,
      "rta": 13398534
    },
    "minecraft:recipes/building_blocks/blackstone_slab": {
      "complete": true,
      "is_advancement": false,
      "criteria": {
        "has_blackstone": {
          "igt": 4314204,
          "rta": 13398520
        },
        "has_the_recipe": {
          "igt": 4314204,
          "rta": 13398520
        }
      },
      "igt": 4314204,
      "rta": 13398534
    },
    "minecraft:recipes/building_blocks/chiseled_polished_blackstone_from_blackstone_stonecutting": {
      "complete": true,
      "is_advancement": false,
      "criteria": {
        "has_blackstone": {
          "igt": 4314204,
          "rta": 13398515
        },
        "has_the_recipe": {
          "igt": 4314204,
          "rta": 13398515
        }
      },
      "igt": 4314204,
      "rta": 13398534
    },
    "minecraft:recipes/building_blocks/polished_blackstone_from_blackstone_stonecutting": {
      "complete": true,
      "is_advancement": false,
      "criteria": {
        "has_blackstone": {
          "igt": 4314204,
          "rta": 13398517
        },
        "has_the_recipe": {
          "igt": 4314204,
          "rta": 13398517
        }
      },
      "igt": 4314204,
      "rta": 13398534
    },
    "minecraft:recipes/building_blocks/polished_blackstone": {
      "complete": true,
      "is_advancement": false,
      "criteria": {
        "has_blackstone": {
          "igt": 4314204,
          "rta": 13398518
        },
        "has_the_recipe": {
          "igt": 4314204,
          "rta": 13398518
        }
      },
      "igt": 4314204,
      "rta": 13398534
    },
    "minecraft:recipes/building_blocks/blackstone_stairs": {
      "complete": true,
      "is_advancement": false,
      "criteria": {
        "has_blackstone": {
          "igt": 4314204,
          "rta": 13398519
        },
        "has_the_recipe": {
          "igt": 4314204,
          "rta": 13398519
        }
      },
      "igt": 4314204,
      "rta": 13398534
    },
    "minecraft:recipes/building_blocks/oak_wood": {
      "complete": true,
      "is_advancement": false,
      "criteria": {
        "has_log": {
          "igt": 4427804,
          "rta": 13512114
        },
        "has_the_recipe": {
          "igt": 4427804,
          "rta": 13512114
        }
      },
      "igt": 4427804,
      "rta": 13512121
    },
    "minecraft:recipes/decorations/oak_fence": {
      "complete": true,
      "is_advancement": false,
      "criteria": {
        "has_planks": {
          "igt": 4957954,
          "rta": 14067928
        },
        "has_the_recipe": {
          "igt": 4957954,
          "rta": 14067928
        }
      },
      "igt": 4957954,
      "rta": 14067932
    },
    "minecraft:recipes/redstone/oak_fence_gate": {
      "complete": true,
      "is_advancement": false,
      "criteria": {
        "has_planks": {
          "igt": 4957954,
          "rta": 14067925
        },
        "has_the_recipe": {
          "igt": 4957954,
          "rta": 14067925
        }
      },
      "igt": 4957954,
      "rta": 14067932
    },
    "minecraft:recipes/building_blocks/oak_slab": {
      "complete": true,
      "is_advancement": false,
      "criteria": {
        "has_planks": {
          "igt": 4957954,
          "rta": 14067926
        },
        "has_the_recipe": {
          "igt": 4957954,
          "rta": 14067926
        }
      },
      "igt": 4957954,
      "rta": 14067933
    },
    "minecraft:recipes/redstone/oak_button": {
      "complete": true,
      "is_advancement": false,
      "criteria": {
        "has_planks": {
          "igt": 4957954,
          "rta": 14067928
        },
        "has_the_recipe": {
          "igt": 4957954,
          "rta": 14067928
        }
      },
      "igt": 4957954,
      "rta": 14067933
    },
    "minecraft:recipes/redstone/oak_pressure_plate": {
      "complete": true,
      "is_advancement": false,
      "criteria": {
        "has_planks": {
          "igt": 4957954,
          "rta": 14067929
        },
        "has_the_recipe": {
          "igt": 4957954,
          "rta": 14067929
        }
      },
      "igt": 4957954,
      "rta": 14067933
    },
    "minecraft:recipes/redstone/oak_door": {
      "complete": true,
      "is_advancement": false,
      "criteria": {
        "has_planks": {
          "igt": 4957954,
          "rta": 14067922
        },
        "has_the_recipe": {
          "igt": 4957954,
          "rta": 14067922
        }
      },
      "igt": 4957954,
      "rta": 14067933
    },
    "minecraft:recipes/decorations/oak_sign": {
      "complete": true,
      "is_advancement": false,
      "criteria": {
        "has_oak_planks": {
          "igt": 4957954,
          "rta": 14067924
        },
        "has_the_recipe": {
          "igt": 4957954,
          "rta": 14067924
        }
      },
      "igt": 4957954,
      "rta": 14067933
    },
    "minecraft:recipes/redstone/oak_trapdoor": {
      "complete": true,
      "is_advancement": false,
      "criteria": {
        "has_planks": {
          "igt": 4957954,
          "rta": 14067927
        },
        "has_the_recipe": {
          "igt": 4957954,
          "rta": 14067927
        }
      },
      "igt": 4957954,
      "rta": 14067933
    },
    "minecraft:recipes/building_blocks/oak_stairs": {
      "complete": true,
      "is_advancement": false,
      "criteria": {
        "has_planks": {
          "igt": 4957954,
          "rta": 14067923
        },
        "has_the_recipe": {
          "igt": 4957954,
          "rta": 14067923
        }
      },
      "igt": 4957954,
      "rta": 14067933
    },
    "minecraft:recipes/misc/blue_dye_from_cornflower": {
      "complete": true,
      "is_advancement": false,
      "criteria": {
        "has_blue_flower": {
          "igt": 5181904,
          "rta": 14314478
        },
        "has_the_recipe": {
          "igt": 5181904,
          "rta": 14314478
        }
      },
      "igt": 5181954,
      "rta": 14314528
    },
    "minecraft:recipes/misc/green_dye": {
      "complete": true,
      "is_advancement": false,
      "criteria": {
        "has_cactus": {
          "igt": 5191154,
          "rta": 14323728
        },
        "has_the_recipe": {
          "igt": 5191154,
          "rta": 14323728
        }
      },
      "igt": 5191154,
      "rta": 14323776
    },
    "minecraft:recipes/misc/lime_dye_from_smelting": {
      "complete": true,
      "is_advancement": false,
      "criteria": {
        "has_sea_pickle": {
          "igt": 5202404,
          "rta": 14335009
        },
        "has_the_recipe": {
          "igt": 5202404,
          "rta": 14335009
        }
      },
      "igt": 5202404,
      "rta": 14335023
    },
    "minecraft:recipes/misc/orange_dye_from_orange_tulip": {
      "complete": true,
      "is_advancement": false,
      "criteria": {
        "has_red_flower": {
          "igt": 5205804,
          "rta": 14338399
        },
        "has_the_recipe": {
          "igt": 5205804,
          "rta": 14338399
        }
      },
      "igt": 5205854,
      "rta": 14338429
    },
    "minecraft:recipes/misc/light_gray_dye_from_azure_bluet": {
      "complete": true,
      "is_advancement": false,
      "criteria": {
        "has_red_flower": {
          "igt": 5206504,
          "rta": 14339062
        },
        "has_the_recipe": {
          "igt": 5206504,
          "rta": 14339062
        }
      },
      "igt": 5206504,
      "rta": 14339076
    }
  },
  "stats": {
    "5e770097-4c4f-4c83-ab84-1e034fe0f6de": {
      "stats": {
        "minecraft:used": {
          "minecraft:crimson_stem": 1,
          "minecraft:oak_log": 82,
          "minecraft:chiseled_polished_blackstone": 15,
          "minecraft:flower_pot": 22,
          "minecraft:netherite_block": 112,
          "minecraft:green_concrete": 278,
          "minecraft:sea_lantern": 6,
          "minecraft:black_concrete": 94,
          "minecraft:light_gray_stained_glass": 1,
          "minecraft:command_block": 68,
          "minecraft:dark_oak_log": 26,
          "minecraft:light_gray_stained_glass_pane": 1,
          "minecraft:lantern": 7,
          "minecraft:red_wool": 14,
          "minecraft:oak_stairs": 89,
          "minecraft:armor_stand": 36,
          "minecraft:grass_block": 74,
          "minecraft:polished_blackstone": 40,
          "minecraft:spruce_planks": 12,
          "minecraft:lime_wool": 42,
          "minecraft:oak_planks": 43,
          "minecraft:stone_button": 1,
          "minecraft:oak_sign": 8,
          "minecraft:blue_wool": 22,
          "minecraft:wet_sponge": 38,
          "minecraft:blackstone": 65,
          "minecraft:magenta_concrete": 734,
          "minecraft:stone": 41,
          "minecraft:redstone_block": 48,
          "minecraft:red_glazed_terracotta": 6,
          "minecraft:yellow_wool": 15,
          "minecraft:oak_leaves": 398,
          "minecraft:polished_blackstone_bricks": 79,
          "minecraft:dirt": 1,
          "minecraft:magenta_wool": 16,
          "minecraft:emerald_block": 6,
          "minecraft:light_blue_wool": 16,
          "minecraft:white_bed": 2,
          "minecraft:orange_wool": 41,
          "minecraft:chain_command_block": 380,
          "minecraft:nether_brick_slab": 13,
          "minecraft:repeating_command_block": 19,
          "minecraft:polished_blackstone_button": 21,
          "minecraft:stripped_oak_log": 138,
          "minecraft:cyan_wool": 17,
          "minecraft:nether_brick_stairs": 21,
          "minecraft:spruce_log": 85,
          "minecraft:purple_wool": 11,
          "minecraft:gray_stained_glass": 228
        },
        "minecraft:picked_up": {
          "minecraft:stripped_oak_log": 2,
          "minecraft:redstone_block": 1,
          "minecraft:stone": 1,
          "minecraft:stone_button": 1,
          "minecraft:white_bed": 2,
          "minecraft:prismarine_crystals": 2,
          "minecraft:dirt": 1,
          "minecraft:orange_wool": 1,
          "minecraft:lantern": 1,
          "minecraft:command_block": 1,
          "minecraft:polished_blackstone_button": 1,
          "minecraft:spruce_planks": 1,
          "minecraft:magenta_concrete": 11
        },
        "minecraft:custom": {
          "minecraft:time_since_rest": 7791,
          "minecraft:sprint_one_cm": 69319,
          "minecraft:damage_taken": 90,
          "minecraft:walk_one_cm": 281661,
          "minecraft:drop": 13,
          "minecraft:fly_one_cm": 315205,
          "minecraft:crouch_one_cm": 24908,
          "minecraft:play_one_minute": 110199,
          "minecraft:deaths": 18,
          "minecraft:sneak_time": 9925,
          "minecraft:pot_flower": 21,
          "minecraft:jump": 1041,
          "minecraft:leave_game": 11,
          "minecraft:time_since_death": 7769,
          "minecraft:sleep_in_bed": 2,
          "minecraft:fall_one_cm": 17945
        },
        "minecraft:dropped": {
          "minecraft:light_blue_wool": 1,
          "minecraft:command_block": 1,
          "minecraft:magenta_concrete": 9,
          "minecraft:orange_wool": 1,
          "minecraft:redstone_block": 1
        },
        "minecraft:mined": {
          "minecraft:light_gray_stained_glass": 23,
          "minecraft:sea_lantern": 1,
          "minecraft:grass_block": 1,
          "minecraft:gray_stained_glass": 1
        }
      },
      "DataVersion": 2567
    }
  }
}